global_ids,types,X,Y,Z,areas,gyrations,volumes,ax1s,ax2s,Outlier
1uDBQ9y7vCyxXlpVEuenQQ,IfcWallStandardCase,0.254,1.55100004,4.668,12.70098836,38.96504947,1.19742714,0.390311532,0.325958482,-1
1fSPz2NmP4K9WVHrUZoUY8,IfcWallStandardCase,0.3,2.16664344,2.58,6.584916805,24.78581424,2.360743708,0.627185404,0.265672805,-1
3Egy$LBd99weR14rW4btp_,IfcWallStandardCase,0.254,6.606085349,4.778,59.84039867,37.78611218,1.167764471,1.84934325,1.583661171,-1
0tIhQ6hmz02e5gznEed4_U,IfcWallStandardCase,0.254,0.461000481,4.668,2.843032355,45.14748572,1.221811528,0.076940048,0.062972108,-1
0gv$MiiG16nwMz1zOZ8L4c,IfcWallStandardCase,0.3,5.030023226,2.72,25.66575486,21.19620005,1.145814728,1.387427928,1.210865853,-1
3Egy$LBd99weR14rW4bqgM,IfcWallStandardCase,0.368,2.212,4.668,20.156512,13.34642526,0.385918543,0.582835597,1.510255488,-1
2wMrEQnZj0tx6ZcpbcsFGz,IfcWallStandardCase,7.675,0.35,2.8,32.28718658,15.50129705,1.098405265,2.287835375,2.08287,-1
3NhaIUfh12PAdrGa$S3yh0,IfcWallStandardCase,0.324,10.56943563,4.778,95.27352865,16.87955669,0.516697359,2.916402457,5.644314622,-1
0R38q9BnzFLed52g6e80mJ,IfcRailing,2.385,0.435,1.1175,2.227782366,0.82537973,0.013959764,159.5859627,59.12562231,-1
0mStS$juH0$wi3dHqZrUgd,IfcRailing,2.385,0.435,1.1175,2.227782366,0.82537973,0.013959764,159.5859627,59.12562231,-1
13UvdNNU9A$vAHyJKoeOLC,IfcRailing,2.385,0.435,1.1175,2.227782366,0.82537973,0.013959764,159.5859627,59.12562231,-1
0mxk1RW8H5mvX1dNnpRqEq,IfcRailing,1.464999008,3.910001422,5.870000076,7.953753088,1.234462807,0.052733056,150.830497,23.4096579,-1
0QhUJyYVf6kv6QGMf6oO99,IfcRailing,2.385,0.435,1.1175,2.227782366,0.82537973,0.013959764,159.5859627,59.12562231,-1
0mxk1RW8H5mvX1dNnpRq2e,IfcRailing,5.339999866,2.57600043,5.870000076,11.08764258,1.976993272,0.074029997,149.7722946,26.70529976,-1
3w1$SS5sbA_8NkDoDBJkNw,IfcRailing,2.385,0.435,1.1175,2.227782366,0.82537973,0.013959764,159.5859627,59.12562231,-1
0mxk1RW8H5mvX1dNnpRq2q,IfcRailing,3.88,1.481000166,5.898248863,8.043906919,1.237891149,0.053439208,150.5244419,23.16447421,-1
3L1OWOnoz4Ie$NycZm5Oz7,IfcSlab,7.675,7.38,0.38,106.4208,2.922131401,8.97669,11.8552384,0.325524375,-1
2O2Fr$t4X7Zf8NOew3FKcz,IfcSlab,8.166,9.508,0.327,134.200452,3.375078396,8.243116356,16.28030543,0.409442042,-1
0LSkmVeEz8$OhFjqm4WfI0,IfcSlab,7.675,7.38,0.38,106.4208,2.922131401,8.97669,11.8552384,0.325524375,-1
14C1RhPQ92nQUKvdg5fGjj,IfcSlab,7.675,7.38,0.38,106.4208,2.922131401,8.97669,11.8552384,0.325524375,-1
3UYqhMg6zElQO64rLnewgQ,IfcSlab,2.45,0.45,0.3,1.625,0.653516131,0.05625,28.88888889,11.61806455,-1
33RCWHsGj7kvpWT5pcQpxV,IfcSlab,7.675,7.38,0.38,106.4208,2.922132226,8.97669,11.8552384,0.325524467,-1
3rRj5Ulwj0CRgQ1K0AQxEg,IfcSlab,3.11,1.806203172,0.448898979,10.69417499,0.958871011,0.700421563,15.26819783,1.368991279,-1
1pSxEG2rr6zgoLYoEvbIzF,IfcSlab,2.45,0.45,0.3,1.625,0.653516131,0.05625,28.88888889,11.61806455,-1
3h2oPIyc5CZBrXnvEqeG_P,IfcWindow,1.415,0.32,1.68,5.3669,0.44207506,0.056107,95.65473114,7.879142714,-1
1l0GAJtRTFv8$zmKJOH4aS,IfcWindow,0.617,0.95,2.4,9.044896,0.332507559,0.098674048,91.66438576,3.369756947,-1
3XAmjDLYrE_9uZwmC1hFxe,IfcWindow,1.2,0.32,0.825,2.2715,0.342127331,0.028325,80.19417476,12.07863481,-1
21QXPa4vP6k9SQDBS6RqSU,IfcWindow,1.415,0.32,1.2,3.8645,0.428325254,0.043075,89.7156123,9.943708747,-1
0otfaO0qPDAhynjJ6DmgUg,IfcWindow,0.467,1.2,1.935,7.183156,0.391513745,0.068159298,105.3877638,5.744098845,-1
2cw31c83rEwwUQAXLrLyoi,IfcWindow,0.95,0.32,1.18,2.565,0.273392998,0.031,82.74193548,8.819128958,-1
3DH59LoNP1tQ_TY_i4PqcO,IfcWindow,1.415,0.32,1.2,3.8645,0.428325254,0.043075,89.7156123,9.943708747,-1
1l0GAJtRTFv8$zmKJOH4hv,IfcWindow,0.617,1.019,0.959,4.249626,0.330818335,0.04872698,87.21299781,6.78922304,-1
1Q7vSN7v15bQzJ_Iw0KiPz,IfcSlab,2.45,0.45,0.3,1.625,0.653516131,0.05625,28.88888889,11.61806455,-1
22lekKWcTBXw2QT1AUf$4c,IfcRailing,2.385081205,0.435081585,1.1175,2.22593433,0.824929318,0.013946189,159.6087923,59.15087901,-1
35QeWibpT4DfyH3NIf2nsN,IfcDoor,0.374,1.267,2.41,6.379158,0.309483447,0.11985611,53.22346938,2.582124911,1
1byTDaqS91rBnWJlv$n$pH,IfcDoor,1.267,0.374,2.41,6.379158,0.309483447,0.11985611,53.22346938,2.582124911,1
1byTDaqS91rBnWJlv$nmdJ,IfcDoor,1.267,0.374,2.41,6.379158,0.309483447,0.11985611,53.22346938,2.582124911,1
1eHJakbVPEdf9cGdMXVBAY,IfcDoor,0.374,1.267,2.41,6.379158,0.309483447,0.11985611,53.22346938,2.582124911,1
1OlyrqS6r8JQAN1mOyoyYV,IfcDoor,1.085,0.32,2.33,6.2534,0.290543469,0.1240225,50.4214961,2.342667414,1
1aj$VJZFn2TxepZUBcKpac,IfcDoor,1.114,0.374,2.308,5.400468,0.265980739,0.097883984,55.17213112,2.717306024,1
35QeWibpT4DfyH3NIf2nB7,IfcDoor,1.267,0.374,2.41,6.379158,0.309483447,0.11985611,53.22346938,2.582124911,1
1byTDaqS91rBnWJlv$n_s5,IfcDoor,0.517,1.267,2.41,6.379158,0.316067497,0.11985611,53.22346938,2.637057858,1
1hOSvn6df7F8_7GcBWlSFK,IfcDoor,1.216,0.374,2.308,5.866608,0.294963595,0.108842048,53.90019857,2.710015116,1
2OBrcmyk58NupXoVOHUvR4,IfcDoor,0.374,1.216,2.308,5.866608,0.294963595,0.108842048,53.90019857,2.710015116,1
1byTDaqS91rBnWJlv$nnu8,IfcDoor,1.267,0.374,2.41,6.379158,0.309483447,0.11985611,53.22346938,2.582124911,1
35QeWibpT4DfyH3NIf2nKz,IfcDoor,1.267,0.374,2.41,6.379158,0.309483447,0.11985611,53.22346938,2.582124911,1
35QeWibpT4DfyH3NIf2n7C,IfcDoor,1.267,0.374,2.41,6.379158,0.309483447,0.11985611,53.22346938,2.582124911,1
1byTDaqS91rBnWJlv$nmlz,IfcDoor,1.267,0.374,2.41,6.379158,0.309483447,0.11985611,53.22346938,2.582124911,1
35QeWibpT4DfyH3NIf2nNu,IfcDoor,1.267,0.374,2.41,6.379158,0.309483447,0.11985611,53.22346938,2.582124911,1
1byTDaqS91rBnWJlv$n$sW,IfcDoor,0.374,1.267,2.41,6.379158,0.309483447,0.11985611,53.22346938,2.582124911,1
0B_j0fwlj889mmxSnxsdQl,IfcDoor,0.32,1.085,2.72,7.3259,0.290914046,0.14596,50.19114826,1.993108018,1
1gI9yvoGTDdAVuJ6X4le$S,IfcDoor,2.19,0.32,2.8,14.1436,0.622773922,0.30074,47.02932766,2.070805088,1
1RsnZGkdD24gP_Mn_xjUTL,IfcDoor,1.085,0.32,2.72,7.3259,0.290914046,0.14596,50.19114826,1.993108018,1
2o4U8gTozCSR$4hVAQrqML,IfcDoor,1.21,0.32,2.8,8.2634,0.329471078,0.16746,49.34551535,1.967461349,1
1byTDaqS91rBnWJlv$n__m,IfcDoor,1.267,0.374,2.41,6.379158,0.309483447,0.11985611,53.22346938,2.582124911,1
1byTDaqS91rBnWJlv$nmku,IfcDoor,1.267,0.374,2.41,6.379158,0.309483447,0.11985611,53.22346938,2.582124911,1
1hOSvn6df7F8_7GcBWlS9F,IfcDoor,0.374,1.114,2.308,5.400468,0.265980739,0.097883984,55.17213112,2.717306024,1
35QeWibpT4DfyH3NIf2oEe,IfcDoor,1.267,0.374,2.41,6.379158,0.309483447,0.11985611,53.22346938,2.582124911,1
0Rlx3kx553$AgdhE2zVvQK,IfcDoor,1.085,0.32,2.72,7.3259,0.290914046,0.14596,50.19114826,1.993108018,1
10lgo1CAH268c71AJ77BCo,IfcDoor,2.19,0.32,2.72,13.7388,0.622670396,0.29182,47.07970667,2.133748187,1
3y19XtkpDEw9A6kXlObgTV,IfcDoor,0.32,1.085,2.72,7.3259,0.290914046,0.14596,50.19114826,1.993108018,1
1byTDaqS91rBnWJlv$n$CQ,IfcDoor,1.267,0.374,2.41,6.379158,0.309483447,0.11985611,53.22346938,2.582124911,1
1byTDaqS91rBnWJlv$nmZR,IfcDoor,0.374,1.267,2.41,6.379158,0.309483447,0.11985611,53.22346938,2.582124911,1
3o5ntlA212uQCF0q6eQsZI,IfcDoor,0.32065,2,2.525,8.760214803,0.518645849,0.080042463,109.4445931,6.479633792,1
1I_Rp6d3j27fE7zFUMgaqf,IfcDoor,2.902,0.245999999,2.162000012,12.53887856,0.804874549,0.059765163,209.802467,13.46728619,1
35QeWibpT4DfyH3NIf2n5C,IfcDoor,1.267,0.374,2.41,6.379158,0.309483447,0.11985611,53.22346938,2.582124911,1
2A1S0hQELFH8rlG8n1eOG0,IfcDoor,2.19,0.32,2.72,13.7388,0.622670396,0.29182,47.07970667,2.133748187,1
35QeWibpT4DfyH3NIf2mVx,IfcDoor,0.374,1.267,2.41,6.379158,0.309483447,0.11985611,53.22346938,2.582124911,1
35QeWibpT4DfyH3NIf2o1m,IfcDoor,1.267,0.374,2.41,6.379158,0.309483447,0.11985611,53.22346938,2.582124911,1
1byTDaqS91rBnWJlv$nmGk,IfcDoor,1.267,0.374,2.41,6.379158,0.309483447,0.11985611,53.22346938,2.582124911,1
1byTDaqS91rBnWJlv$n$5v,IfcDoor,1.267,0.374,2.41,6.379158,0.309483447,0.11985611,53.22346938,2.582124911,1
215i6zgNzExvVdsC0sC0TE,IfcDoor,1.085,0.32,2.72,7.3259,0.290914046,0.14596,50.19114826,1.993108018,1
1byTDaqS91rBnWJlv$n$f7,IfcDoor,1.267,0.374,2.41,6.379158,0.309483447,0.11985611,53.22346938,2.582124911,1
1byTDaqS91rBnWJlv$nm6r,IfcDoor,0.374,1.267,2.41,6.379158,0.309483447,0.11985611,53.22346938,2.582124911,1
1l4CMjIZ1FcByDbvqjoVd8,IfcDoor,2.19,0.32,2.72,13.7388,0.622670396,0.29182,47.07970667,2.133748187,1
1ZTfuI795Cex7tId36GF1Z,IfcDoor,1.085,0.32,2.72,7.3259,0.290914046,0.14596,50.19114826,1.993108018,1
2S7INY8Q12AeF7WgGL29F9,IfcDoor,1.085,0.32,2.72,7.3259,0.290914046,0.14596,50.19114826,1.993108018,1
1byTDaqS91rBnWJlv$nnRu,IfcDoor,0.374,1.267,2.41,6.379158,0.309483447,0.11985611,53.22346938,2.582124911,1
3vrTMqxmj8dxP6xSXJOWeo,IfcDoor,2.19,0.32,2.72,13.7388,0.622670396,0.29182,47.07970667,2.133748187,1
35QeWibpT4DfyH3NIf2mOF,IfcDoor,1.267,0.374,2.41,6.379158,0.309483447,0.11985611,53.22346938,2.582124911,1
3RydqTN756gfIpUs6ir6AB,IfcDoor,2.19,0.32,2.72,13.7388,0.622670396,0.29182,47.07970667,2.133748187,1
028xLqEaXFswQeqzIF0BPt,IfcDoor,1.085,0.32,2.72,7.3259,0.290914046,0.14596,50.19114826,1.993108018,1
1byTDaqS91rBnWJlv$n$Um,IfcDoor,1.267,0.374,2.41,6.379158,0.309483447,0.11985611,53.22346938,2.582124911,1
35QeWibpT4DfyH3NIf2n09,IfcDoor,0.374,1.267,2.41,6.379158,0.309483447,0.11985611,53.22346938,2.582124911,1
35QeWibpT4DfyH3NIf2n25,IfcDoor,1.267,0.374,2.41,6.379158,0.309483447,0.11985611,53.22346938,2.582124911,1
1byTDaqS91rBnWJlv$n$9Q,IfcDoor,0.374,1.267,2.41,6.379158,0.309483447,0.11985611,53.22346938,2.582124911,1
35QeWibpT4DfyH3NIf2nbp,IfcDoor,1.267,0.374,2.41,6.379158,0.309483447,0.11985611,53.22346938,2.582124911,1
1byTDaqS91rBnWJlv$nn72,IfcDoor,0.374,1.267,2.41,6.379158,0.309483447,0.11985611,53.22346938,2.582124911,1
1byTDaqS91rBnWJlv$nnIo,IfcDoor,1.267,0.374,2.41,6.379158,0.309483447,0.11985611,53.22346938,2.582124911,1
35QeWibpT4DfyH3NIf2oj8,IfcDoor,1.267,0.374,2.41,6.379158,0.309483447,0.11985611,53.22346938,2.582124911,1
1byTDaqS91rBnWJlv$nnC3,IfcDoor,1.267,0.374,2.41,6.379158,0.309483447,0.11985611,53.22346938,2.582124911,1
1hOSvn6df7F8_7GcBWlRH8,IfcDoor,0.667,1.602,2.286,7.555608,0.417359088,0.1487411,50.79704265,2.80594327,1
3QNfcVy3L7Kwu54LY_so2d,IfcDoor,0.32,1.085,2.33,6.2534,0.290543469,0.1240225,50.4214961,2.342667414,1
1byTDaqS91rBnWJlv$nmCW,IfcDoor,0.374,1.267,2.41,6.379158,0.309483447,0.11985611,53.22346938,2.582124911,1
1byTDaqS91rBnWJlv$nmsg,IfcDoor,1.267,0.374,2.41,6.379158,0.309483447,0.11985611,53.22346938,2.582124911,1
0INGoQzzLEDgz2y8pq7HJD,IfcDoor,2.19,0.32,2.8,14.1436,0.622773922,0.30074,47.02932766,2.070805088,1
35QeWibpT4DfyH3NIf2oXS,IfcDoor,0.374,1.267,2.41,6.379158,0.309483447,0.11985611,53.22346938,2.582124911,1
1byTDaqS91rBnWJlv$nmMw,IfcDoor,1.267,0.374,2.41,6.379158,0.309483447,0.11985611,53.22346938,2.582124911,1
1byTDaqS91rBnWJlv$nn54,IfcDoor,1.267,0.374,2.41,6.379158,0.309483447,0.11985611,53.22346938,2.582124911,1
1byTDaqS91rBnWJlv$nmaW,IfcDoor,1.267,0.374,2.41,6.379158,0.309483447,0.11985611,53.22346938,2.582124911,1
0bpfxAz3XBrAx$RjFuHv4q,IfcDoor,0.3143,1.099548749,2.525,4.339643783,0.262252153,0.02715136,159.8315437,9.658895655,1
1aZE7fjF18ovAeU9YcW3co,IfcDoor,0.32,1.085,2.33,6.2534,0.290543469,0.1240225,50.4214961,2.342667414,1
1byTDaqS91rBnWJlv$nmoB,IfcDoor,1.267,0.374,2.41,6.379158,0.309483447,0.11985611,53.22346938,2.582124911,1
347$SAr5P0Tgy$4MRA8fPq,IfcDoor,0.32,1.085,2.72,7.3259,0.290914046,0.14596,50.19114826,1.993108018,1
1byTDaqS91rBnWJlv$nnW1,IfcDoor,0.374,1.267,2.41,6.379158,0.309483447,0.11985611,53.22346938,2.582124911,1